term,estimate,std.error,statistic,p.value
(Intercept),-457186.3543785688,184615.8684669253,-2.4764195958619646,0.022846689118230463
year,252.61631079168032,93.3804878798557,2.7052365705852712,0.014029851947584184
